/*
 所属项目：SQL-daily-exercises
 所属数据库：SQL_daily_exercises
 语言运行环境：MySQL 8.0
 原题链接：https://leetcode.com/problems/students-and-examinations/
 创建者：Cicero
 创建日期：2021-11-18
 修改日期：
 */


USE sql_daily_exercises;

drop table if exists Students;
drop table if exists Subjects;
drop table if exists Examinations;
Create table If Not Exists Students (student_id int, student_name varchar(20), primary key(student_id));
Create table If Not Exists Subjects (subject_name varchar(20), primary key(subject_name));
Create table If Not Exists Examinations (student_id int, subject_name varchar(20));
Truncate table Students;
insert into Students (student_id, student_name) values ('1', 'Alice');
insert into Students (student_id, student_name) values ('2', 'Bob');
insert into Students (student_id, student_name) values ('13', 'John');
insert into Students (student_id, student_name) values ('6', 'Alex');
Truncate table Subjects;
insert into Subjects (subject_name) values ('Math');
insert into Subjects (subject_name) values ('Physics');
insert into Subjects (subject_name) values ('Programming');
Truncate table Examinations;
insert into Examinations (student_id, subject_name) values ('1', 'Math');
insert into Examinations (student_id, subject_name) values ('1', 'Physics');
insert into Examinations (student_id, subject_name) values ('1', 'Programming');
insert into Examinations (student_id, subject_name) values ('2', 'Programming');
insert into Examinations (student_id, subject_name) values ('1', 'Physics');
insert into Examinations (student_id, subject_name) values ('1', 'Math');
insert into Examinations (student_id, subject_name) values ('13', 'Math');
insert into Examinations (student_id, subject_name) values ('13', 'Programming');
insert into Examinations (student_id, subject_name) values ('13', 'Physics');
insert into Examinations (student_id, subject_name) values ('2', 'Math');
insert into Examinations (student_id, subject_name) values ('1', 'Math');

-- 核验数据
select * from Students;
select * from Subjects;
select * from Examinations;